"Cancer","hsp","genome","Rs","p","fdr"
"ACC","HSPA14","MKI67",0.54649464459591,3.08904561864076e-07,9.19286614399903e-05
"ACC","HSPB7","MKI67",-0.401557935735151,0.000274223533377945,0.00967959771130177
"ACC","HSPB8","MKI67",-0.415676728334956,0.000159203055080132,0.00672849015770264
"ACC","DNAJC14","MKI67",-0.338997078870497,0.00235978651523068,0.0389836079260808
"ACC","DNAJC15","MKI67",-0.341845180136319,0.0021580351556274,0.0368315792820417
"ACC","DNAJC19","MKI67",-0.36755111976631,0.000928955128428189,0.0214467391948775
"ACC","DNAJC28","MKI67",-0.376363193768257,0.000685178932454041,0.017604998961987
"ACC","DNAJC2","MKI67",0.354406037000974,0.00144134041854994,0.02848752289652
"ACC","DNAJC30","MKI67",-0.443743914313535,5.04147521015539e-05,0.0030864009321226
"ACC","DNAJC9","MKI67",0.59817429406037,1.10169968847718e-08,8.47480548307664e-06
"ACC","SACS","MKI67",0.336392405063291,0.00255900763410342,0.0410221907387553
"BLCA","HSP90B1","MKI67",0.338684473934152,8.69273316051571e-13,1e-10
"BLCA","HSPA13","MKI67",0.339851272488616,7.17496869410871e-13,1e-10
"BLCA","HSPA14","MKI67",0.378939332332281,3.38275669979956e-16,1e-10
"BLCA","HSPA1L","MKI67",-0.278987853889077,5.23252794398338e-09,5.95437320994258e-08
"BLCA","HSPA4L","MKI67",0.288192769301576,1.55221069161035e-09,1.9520532220494e-08
"BLCA","HSPA5","MKI67",0.353070159889936,7.51118043398608e-14,1e-10
"BLCA","HSPA8","MKI67",0.305152348131997,1.47449828544779e-10,2.23601299520456e-09
"BLCA","HSPB1","MKI67",-0.253560585205734,1.20539003970906e-07,1.04423515879534e-06
"BLCA","HSPB2","MKI67",-0.202171748206866,2.56539817075363e-05,0.000133012317330426
"BLCA","HSPB6","MKI67",-0.209239349071293,1.36371539416121e-05,7.54222047111758e-05
"BLCA","HSPB8","MKI67",-0.258049754016669,7.0892704100525e-08,6.44739815579702e-07
"BLCA","HSPD1","MKI67",0.35877236762077,2.67416639810173e-14,1e-10
"BLCA","HSPH1","MKI67",0.208271538222748,1.49680470018018e-05,8.19803116667533e-05
"BLCA","HYOU1","MKI67",0.300076234949146,3.03075674990088e-10,4.34271015826871e-09
"BLCA","DNAJB2","MKI67",-0.375689405314991,8.01958881883329e-16,1e-10
"BLCA","DNAJB3","MKI67",-0.241033384293123,4.64038216460221e-07,3.5581801384499e-06
"BLCA","DNAJB11","MKI67",0.373694133546491,1.29196776682551e-15,1e-10
"BLCA","DNAJB13","MKI67",-0.267572253680091,1.9586396234247e-08,1.99198251121621e-07
"BLCA","DNAJA1","MKI67",0.253932974282034,1.15389382584808e-07,1.003510169913e-06
"BLCA","DNAJA4","MKI67",-0.332914292866129,2.21238297568407e-12,1e-10
"BLCA","DNAJC11","MKI67",0.293132627540947,7.94231655367835e-10,1.05422576295885e-08
"BLCA","DNAJC17","MKI67",-0.32928565725593,3.93411524261511e-12,1e-10
"BLCA","DNAJC21","MKI67",0.225059719431959,2.80106811614658e-06,1.80939917124944e-05
"BLCA","DNAJC27","MKI67",-0.270997518741991,1.45138622612091e-08,1.51523801778748e-07
"BLCA","DNAJC28","MKI67",-0.215160915141638,7.26776342929296e-06,4.27985012060676e-05
"BLCA","DNAJC30","MKI67",-0.299613214756595,3.23440918781178e-10,4.61095413600128e-09
"BLCA","DNAJC4","MKI67",-0.486783732886055,0,1e-10
"BLCA","DNAJC9","MKI67",0.590342268102255,0,1e-10
"BLCA","HSCB","MKI67",-0.274051078340735,9.8649843201313e-09,1.06439787719804e-07
"BLCA","GAK","MKI67",-0.223600373498845,3.25704810926674e-06,2.07418387206826e-05
"BLCA","SACS","MKI67",0.309468115572553,7.90378231694181e-11,1.25890288814665e-09
"BRCA","HSP90AA1","MKI67",0.39396604545745,0,1e-10
"BRCA","HSP90AB1","MKI67",0.434924505645792,0,1e-10
"BRCA","HSP90B1","MKI67",0.376233784650729,0,1e-10
"BRCA","TRAP1","MKI67",0.201163072183563,1.55308518872161e-12,1e-10
"BRCA","HSPA12A","MKI67",-0.206564308060348,3.33034118168468e-13,1e-10
"BRCA","HSPA12B","MKI67",-0.528672835976913,1.19836718008994e-88,1e-10
"BRCA","HSPA13","MKI67",0.279536573850965,2.66035128642789e-23,1e-10
"BRCA","HSPA14","MKI67",0.616192081060033,2.9791055698948e-128,1e-10
"BRCA","HSPA4","MKI67",0.278539814802249,4.16937580209092e-23,1e-10
"BRCA","HSPA5","MKI67",0.322729459775602,0,1e-10
"BRCA","HSPA8","MKI67",0.39212648214582,0,1e-10
"BRCA","HSPA9","MKI67",0.251991401150415,5.53946150923861e-19,1e-10
"BRCA","HSPB2","MKI67",-0.431650596811276,1.8958149266817e-56,1e-10
"BRCA","HSPB6","MKI67",-0.471396873151462,0,1e-10
"BRCA","HSPB7","MKI67",-0.391407771543552,7.17048119809262e-46,1e-10
"BRCA","HSPB8","MKI67",-0.209055213342619,1.70515056429994e-13,1e-10
"BRCA","CRYAB","MKI67",-0.243664517675936,8.12952828373069e-18,1e-10
"BRCA","HSPD1","MKI67",0.521474486131101,0,1e-10
"BRCA","HSPE1","MKI67",0.362080310167281,0,1e-10
"BRCA","HSPH1","MKI67",0.412331940436214,3.43783573615057e-51,1e-10
"BRCA","HYOU1","MKI67",0.338834964509608,0,1e-10
"BRCA","DNAJB4","MKI67",-0.23916103860731,3.32486137321569e-17,1e-10
"BRCA","DNAJB11","MKI67",0.494647192989073,0,1e-10
"BRCA","DNAJA1","MKI67",0.479417323233791,0,1e-10
"BRCA","DNAJA3","MKI67",0.239603601158843,2.89893115064021e-17,1e-10
"BRCA","DNAJC10","MKI67",0.221552488112864,6.19823288853561e-15,1e-10
"BRCA","DNAJC11","MKI67",0.259151264974635,5.01672863623602e-20,1e-10
"BRCA","DNAJC12","MKI67",-0.2349603934575,1.20422760425934e-16,1e-10
"BRCA","DNAJC17","MKI67",-0.313954587975211,0,1e-10
"BRCA","DNAJC18","MKI67",-0.350726429588075,1.42214512564688e-36,1e-10
"BRCA","DNAJC21","MKI67",0.266475283377919,3.88293116055462e-21,1e-10
"BRCA","DNAJC25","MKI67",-0.261832773426235,1.52698030748682e-20,1e-10
"BRCA","DNAJC27","MKI67",-0.356906047919945,6.69170160208735e-38,1e-10
"BRCA","DNAJC28","MKI67",-0.328739243699014,4.37419169345758e-32,1e-10
"BRCA","DNAJC2","MKI67",0.403956948187066,0,1e-10
"BRCA","DNAJC30","MKI67",-0.255594460674856,1.67294512939393e-19,1e-10
"BRCA","DNAJC4","MKI67",-0.278453507135386,4.31583642991335e-23,1e-10
"BRCA","DNAJC5B","MKI67",0.363018806872321,3.0425605256122e-39,1e-10
"BRCA","DNAJC9","MKI67",0.668505985364641,0,1e-10
"BRCA","HSCB","MKI67",-0.263897712690091,7.45704278404057e-21,1e-10
"CESC","HSPA14","MKI67",0.348067869525681,3.85981627685052e-10,1.60626234413512e-08
"CESC","HSPA4L","MKI67",0.249266129787528,9.55243175923019e-06,0.000111408165290804
"CESC","HSPB11","MKI67",-0.224070741563891,7.18503828242015e-05,0.000622184686716019
"CESC","HSPE1","MKI67",-0.244531093438923,1.41886747912274e-05,0.000156410464401188
"CESC","DNAJB14","MKI67",0.283234728702155,4.44250602993647e-07,7.89389805045144e-06
"CESC","DNAJC11","MKI67",0.233941610617277,3.34351124979908e-05,0.000324718595967302
"CESC","DNAJC12","MKI67",-0.224174666649212,7.12860864356309e-05,0.000618099068687829
"CESC","DNAJC13","MKI67",0.23808693252825,2.40129808541424e-05,0.000244952763750301
"CESC","DNAJC14","MKI67",0.233429638588431,3.48163270372673e-05,0.000336141335880363
"CESC","DNAJC19","MKI67",-0.248252255990043,1.04036891073358e-05,0.000119882772429735
"CESC","DNAJC27","MKI67",0.272484927338037,1.22612810699612e-06,1.90368898298454e-05
"CESC","DNAJC30","MKI67",-0.25275607916433,7.10105858506996e-06,8.63990303954034e-05
"CESC","DNAJC4","MKI67",-0.292755958321207,1.7453779951668e-07,3.50038727068113e-06
"CESC","DNAJC9","MKI67",0.375762293521902,1.09236576665808e-11,6.65318986969961e-10
"CESC","HSCB","MKI67",-0.314744572885019,1.77340492549383e-08,4.73112999146605e-07
"CHOL","HSP90AB1","MKI67",0.555204216073781,9.89712624111072e-05,0.00355776293583715
"CHOL","HSPA12A","MKI67",0.524110671936759,0.000270068666804743,0.00647131816575505
"CHOL","HSPB9","MKI67",-0.589064558629776,2.97845419081069e-05,0.00177181050514923
"CHOL","HSPH1","MKI67",0.496969696969697,0.000604623696441388,0.010507315973948
"CHOL","DNAJB6","MKI67",0.501581027667984,0.000529548680285539,0.00970234554113508
"CHOL","DNAJB9","MKI67",-0.461528326745718,0.00158466443864223,0.0190355928399628
"CHOL","DNAJC10","MKI67",0.628853754940711,6.24792658585894e-06,0.000746183458561333
"CHOL","DNAJC13","MKI67",0.475494071146245,0.00109645862639289,0.0151439596133423
"CHOL","DNAJC16","MKI67",-0.467720685111989,0.00134830403836541,0.0172130528935585
"CHOL","DNAJC1","MKI67",-0.459683794466403,0.00166188031374401,0.0196153672792338
"CHOL","DNAJC25","MKI67",-0.540316205533597,0.000161861549931924,0.00476706978944559
"CHOL","DNAJC28","MKI67",-0.45296442687747,0.00197232484680047,0.0218401831112611
"CHOL","DNAJC2","MKI67",0.506060606060606,0.00046477895096294,0.00896141477402784
"CHOL","DNAJC5","MKI67",0.42463768115942,0.00392373739546453,0.0337210297940032
"CHOL","DNAJC6","MKI67",0.399604743083004,0.00689950868914813,0.0481726436715191
"CHOL","DNAJC9","MKI67",0.564426877470356,7.21888337678153e-05,0.00295433379309718
"CHOL","SACS","MKI67",0.573254281949934,5.29458813831646e-05,0.00246639768045974
"COAD","HSP90AA1","MKI67",0.284044238066034,1.81061148277778e-07,1.32998034676127e-06
"COAD","HSP90AB1","MKI67",0.345595063991535,1.53313913201263e-10,1.89527959305183e-09
"COAD","HSP90B1","MKI67",0.422158122106228,0,1e-10
"COAD","TRAP1","MKI67",0.374553002783413,2.9659432651794e-12,1e-10
"COAD","HSPA14","MKI67",0.357382446303048,3.26376358484713e-11,4.47774681535782e-10
"COAD","HSPA1L","MKI67",-0.350858949042654,7.7511225532798e-11,1.00378508387523e-09
"COAD","HSPA2","MKI67",-0.254132513203732,3.02852319071484e-06,1.75724178071402e-05
"COAD","HSPA4L","MKI67",0.30078986918634,3.08276940790511e-08,2.60023288905158e-07
"COAD","HSPA4","MKI67",0.313635352711637,7.34884693715815e-09,6.90357373306969e-08
"COAD","HSPA5","MKI67",0.258256222241692,2.23935829371781e-06,1.33409880902278e-05
"COAD","HSPA9","MKI67",0.371789471555948,4.4236980318828e-12,1e-10
"COAD","HSPB1","MKI67",-0.295401303418947,5.51560318955321e-08,4.44851587055988e-07
"COAD","HSPB2","MKI67",-0.437883730177451,0,1e-10
"COAD","HSPB3","MKI67",-0.31697957168355,4.10464294544736e-09,4.02419727934858e-08
"COAD","HSPB6","MKI67",-0.35519042452099,4.3756210311708e-11,5.88540358170195e-10
"COAD","HSPB7","MKI67",-0.364810047243882,1.18421866545717e-11,1.73419818642503e-10
"COAD","HSPB8","MKI67",-0.381384832085403,1.07250013721103e-12,1e-10
"COAD","HSPB9","MKI67",-0.27221043627188,5.34073504363697e-07,3.58897307619125e-06
"COAD","CRYAB","MKI67",-0.450195108472223,0,1e-10
"COAD","HSPD1","MKI67",0.424309032949407,0,1e-10
"COAD","HSPE1","MKI67",0.21791223825474,7.00347724736807e-05,0.000303368572086174
"COAD","HYOU1","MKI67",0.346363703758618,1.38898115010577e-10,1.72865075984832e-09
"COAD","DNAJB2","MKI67",-0.32211936999171,2.74658986246894e-09,2.77227269913374e-08
"COAD","DNAJB4","MKI67",-0.395162926960936,9.65492587871212e-14,1e-10
"COAD","DNAJB5","MKI67",-0.331676989331374,8.73798038853528e-10,9.57954716896443e-09
"COAD","DNAJB9","MKI67",-0.456663678822475,0,1e-10
"COAD","DNAJB11","MKI67",0.314864637179116,6.38400473055973e-09,6.06000015351463e-08
"COAD","DNAJA1","MKI67",0.219692139723276,6.09077784027108e-05,0.000267510806403918
"COAD","DNAJA2","MKI67",-0.293263534597214,6.92535376678064e-08,5.48734209317407e-07
"COAD","DNAJC10","MKI67",0.315092432217497,6.21922619995569e-09,5.91502468381338e-08
"COAD","DNAJC11","MKI67",0.266058876256074,1.07434287472083e-06,6.81413742514021e-06
"COAD","DNAJC18","MKI67",-0.296111983501708,5.11161427669682e-08,4.14781351805468e-07
"COAD","DNAJC28","MKI67",-0.313603340095297,7.37577072643255e-09,6.92688733529875e-08
"COAD","DNAJC2","MKI67",0.346379878554243,1.38609362305348e-10,1.72527910831629e-09
"COAD","DNAJC4","MKI67",-0.462542543082242,0,1e-10
"COAD","DNAJC7","MKI67",0.282484718187884,2.12329189944702e-07,1.53858420014658e-06
"COAD","DNAJC9","MKI67",0.604703158802796,0,1e-10
"COAD","SACS","MKI67",0.25734099838926,2.43721227063388e-06,1.44149290644494e-05
"DLBC","HSPA14","MKI67",0.529635258358663,0.000136930021505148,0.00282668150242093
"DLBC","HSPA9","MKI67",0.436278766825879,0.00212226365103265,0.0227535220485137
"DLBC","HSPB1","MKI67",-0.601172383847156,9.66086386767392e-06,0.000357222463679635
"DLBC","HSPB2","MKI67",-0.42509769865393,0.00281532473269164,0.0280395150459414
"DLBC","HSPD1","MKI67",0.422926617455493,0.00297110324044272,0.0291837518684458
"DLBC","HSPH1","MKI67",0.410117238384716,0.00405563936316048,0.0366330753642209
"DLBC","DNAJB2","MKI67",-0.560681719496309,4.62558583458253e-05,0.00121191613450676
"DLBC","DNAJB7","MKI67",0.421998108056397,0.00281235051047459,0.0280263187805181
"DLBC","DNAJB12","MKI67",-0.447242726877985,0.00159466373772854,0.018417139936081
"DLBC","DNAJB14","MKI67",0.401758575770734,0.00493930921692905,0.0422033169432301
"DLBC","DNAJA3","MKI67",0.488493269648285,0.000501089738399542,0.00767630677732756
"DLBC","DNAJC11","MKI67",0.545701259227095,7.90383459481052e-05,0.00184331928975229
"DLBC","DNAJC14","MKI67",0.40273556231003,0.00482795801462868,0.041521789093546
"DLBC","DNAJC19","MKI67",-0.418367346938776,0.00332334361449401,0.0316677648697688
"DLBC","DNAJC2","MKI67",0.442140686061659,0.00182350247212568,0.0203526118180665
"DLBC","DNAJC30","MKI67",-0.546026921406861,7.81421449894299e-05,0.00182683807062116
"DLBC","DNAJC4","MKI67",-0.626574033868867,3.31873863002957e-06,0.000155354252212253
"DLBC","DNAJC6","MKI67",0.467108119843682,0.00092858182239991,0.0122843383849119
"DLBC","DNAJC9","MKI67",0.423795049934868,0.0029078974246315,0.0287156744142266
"DLBC","SACS","MKI67",0.469713417281806,0.000863054505067125,0.0116337079461133
"ESCA","HSP90AA1","MKI67",0.298896317605527,2.27624546291461e-05,0.000243134538982564
"ESCA","HSP90AB1","MKI67",0.259061750432309,0.000257493845160236,0.00183737062415193
"ESCA","HSP90B1","MKI67",0.248055208026202,0.000473225263244606,0.00302713510580208
"ESCA","HSPA14","MKI67",0.38465841627553,3.37866998512994e-08,9.01642699244593e-07
"ESCA","HSPA8","MKI67",0.249311094996374,0.000442059843341294,0.00286298557848738
"ESCA","HSPB1","MKI67",-0.252943285865693,0.000362315561739021,0.00243216658057396
"ESCA","HSPB2","MKI67",-0.356262301875065,3.59433556381716e-07,7.04869251585604e-06
"ESCA","HSPB3","MKI67",-0.302573836112635,1.62952614004292e-05,0.000183427640950293
"ESCA","HSPB6","MKI67",-0.379647618516364,5.21097966840245e-08,1.31674316937663e-06
"ESCA","HSPB7","MKI67",-0.385426611097387,3.15953482129466e-08,8.50231566910188e-07
"ESCA","HSPB8","MKI67",-0.416253217413478,1.84410921359e-09,6.96226277869476e-08
"ESCA","CRYAB","MKI67",-0.413743037238324,2.3520763003747e-09,8.63860750555366e-08
"ESCA","HSPD1","MKI67",0.400245439839349,8.37583736541248e-09,2.64765624684391e-07
"ESCA","HSPE1","MKI67",0.209833531225844,0.00321330135369146,0.0143373459921321
"ESCA","HSPH1","MKI67",0.241608427830328,0.000667806954450889,0.0040138864834819
"ESCA","DNAJB4","MKI67",-0.224783048713433,0.00157466790625244,0.00806562395036224
"ESCA","DNAJB5","MKI67",-0.355406449967726,3.84695384249959e-07,7.47175167224354e-06
"ESCA","DNAJB6","MKI67",-0.304893656017659,1.53113400916227e-05,0.000174042768105197
"ESCA","DNAJB9","MKI67",-0.237863079632478,0.000812457454219665,0.00470885513421591
"ESCA","DNAJB11","MKI67",0.262614253042099,0.000210393357387762,0.00155474003273494
"ESCA","DNAJA1","MKI67",0.238302958825076,0.00079408407889242,0.00462245703833005
"ESCA","DNAJA2","MKI67",-0.320801026384783,5.1333640333446e-06,6.91220473629489e-05
"ESCA","DNAJC11","MKI67",0.285612284742089,5.31864011780617e-05,0.000495892887121799
"ESCA","DNAJC13","MKI67",0.21473276542167,0.00255627905397339,0.0119296035628257
"ESCA","DNAJC14","MKI67",0.320644837396106,5.19026833316393e-06,6.97651240406345e-05
"ESCA","DNAJC18","MKI67",-0.202153176772466,0.00455486479547586,0.0189405277445999
"ESCA","DNAJC22","MKI67",0.215732056196161,0.00243829681122769,0.0114849197386689
"ESCA","DNAJC28","MKI67",-0.297951333563656,2.22158278762037e-05,0.000238209290683865
"ESCA","DNAJC2","MKI67",0.265090964148252,0.000182455984418105,0.00138154301222257
"ESCA","DNAJC4","MKI67",-0.489539322171664,0,1e-10
"ESCA","DNAJC9","MKI67",0.495500003984413,0,1e-10
"GBM","HSPA4","MKI67",0.246436401947664,0.00107879323503343,0.00612125934802706
"GBM","HSPA8","MKI67",-0.248340784190894,0.000984160826952451,0.00568052185295301
"GBM","HSPB6","MKI67",-0.200421424300236,0.00810041422711272,0.0310767885874457
"GBM","HSPB8","MKI67",-0.364640223240981,9.06947853472292e-07,1.65553515647867e-05
"GBM","HSPE1","MKI67",-0.303346906233093,5.12354310227353e-05,0.000493808579112581
"GBM","HYOU1","MKI67",0.263596343859449,0.000460125884962309,0.00304390285737787
"GBM","DNAJB1","MKI67",-0.277548905151058,0.000220706698898781,0.00166078148053927
"GBM","DNAJB4","MKI67",-0.261869643213076,0.000502596480849132,0.00327286836428243
"GBM","DNAJB5","MKI67",0.385369742874228,1.91078136421198e-07,4.40792931440655e-06
"GBM","DNAJB6","MKI67",-0.239115008969504,0.00152574039821523,0.00812045492877123
"GBM","DNAJB9","MKI67",-0.368032119365586,7.07867591096076e-07,1.34179649892571e-05
"GBM","DNAJB11","MKI67",0.327714342663515,1.13675483691539e-05,0.000139915849961287
"GBM","DNAJB14","MKI67",-0.29679091090293,7.52150360867423e-05,0.000679378682415864
"GBM","DNAJA2","MKI67",-0.424432358552351,7.53485152429043e-09,2.76112237594794e-07
"GBM","DNAJA3","MKI67",-0.236048862439136,0.00175889683587791,0.00911377005727863
"GBM","DNAJA4","MKI67",-0.215738489136934,0.00431987933592143,0.0188165513889803
"GBM","DNAJC11","MKI67",0.458702127053732,2.87263899614107e-10,1.62469750652715e-08
"GBM","DNAJC12","MKI67",-0.44122099148609,1.62711760192396e-09,7.34462595248783e-08
"GBM","DNAJC13","MKI67",0.288716813529369,0.000111732407508871,0.000944528875149803
"GBM","DNAJC14","MKI67",0.208125516102395,0.00593511482168033,0.0242629227674759
"GBM","DNAJC15","MKI67",-0.299066602124206,6.5896573974234e-05,0.00060883822778271
"GBM","DNAJC19","MKI67",-0.513933768045787,0,1e-10
"GBM","DNAJC2","MKI67",0.37283635638828,4.96011347692151e-07,9.92710542272841e-06
"GBM","DNAJC30","MKI67",-0.321882741535921,1.64868426360867e-05,0.000191106067760876
"GBM","DNAJC4","MKI67",-0.328124377117799,1.10711745700564e-05,0.000136835062032166
"GBM","DNAJC9","MKI67",0.579778467496227,0,1e-10
"GBM","HSCB","MKI67",-0.300638400865628,6.0106174349554e-05,0.000563917023214696
"GBM","SEC63","MKI67",0.26794270907486,0.000367497153939213,0.00252978703896883
"GBM","GAK","MKI67",0.201583188587374,0.0077344132076373,0.0299649466887452
"GBM","SACS","MKI67",0.269774196303995,0.000333918353739656,0.00233720363258254
"HNSC","HSPA13","MKI67",0.201638575315051,1.39373721555896e-06,7.310924053162e-06
"HNSC","HSPA14","MKI67",0.255733334259867,7.69749642449976e-10,7.082441797299e-09
"HNSC","HSPB1","MKI67",-0.303268365102694,2.1834315574369e-13,1e-10
"HNSC","HSPB2","MKI67",-0.291339902128232,1.96985658274346e-12,1e-10
"HNSC","HSPB3","MKI67",-0.337519899136752,1.5116226199614e-16,1e-10
"HNSC","HSPB8","MKI67",-0.26673116004865,1.33456875628932e-10,1.38339659503445e-09
"HNSC","HSPB9","MKI67",-0.213952130772822,2.77017788955126e-07,1.65134731398983e-06
"HNSC","CRYAB","MKI67",-0.389312331455613,0,1e-10
"HNSC","HSPD1","MKI67",0.207282226050793,6.93280511438901e-07,3.8446922937009e-06
"HNSC","DNAJB2","MKI67",-0.322886861434033,4.50682128752602e-15,1e-10
"HNSC","DNAJB6","MKI67",-0.306763449757289,1.12215241709864e-13,1e-10
"HNSC","DNAJB9","MKI67",-0.224438193649238,7.36826431867243e-08,4.8637388300827e-07
"HNSC","DNAJB14","MKI67",0.21478907040682,2.65789169551926e-07,1.58978453974483e-06
"HNSC","DNAJA2","MKI67",-0.254415141153313,9.44630395062375e-10,8.5682937117648e-09
"HNSC","DNAJC11","MKI67",0.23576401246122,1.5185693115453e-08,1.12795573329418e-07
"HNSC","DNAJC13","MKI67",0.417849048093896,0,1e-10
"HNSC","DNAJC14","MKI67",0.380430444516251,0,1e-10
"HNSC","DNAJC17","MKI67",-0.227405749573422,4.90900876547791e-08,3.34272169336756e-07
"HNSC","DNAJC28","MKI67",-0.3312791137451,5.79224957506148e-16,1e-10
"HNSC","DNAJC30","MKI67",-0.331463323070315,7.21133092023962e-16,1e-10
"HNSC","DNAJC4","MKI67",-0.336327692561471,2.41299876910289e-16,1e-10
"HNSC","DNAJC9","MKI67",0.446499331323747,0,1e-10
"HNSC","HSCB","MKI67",-0.232918825201261,2.27520265684481e-08,1.64065592297674e-07
"HNSC","SACS","MKI67",0.281492037350569,1.11925354642142e-11,1.36921849621438e-10
"KICH","HSP90AA1","MKI67",0.354578754578755,0.000608277425873582,0.00270465133781844
"KICH","HSP90AB1","MKI67",0.33610447523491,0.00119340919609932,0.00479672074761562
"KICH","HSP90B1","MKI67",0.36832298136646,0.00035911981882927,0.00172561342375375
"KICH","HSPA12A","MKI67",-0.535148909061953,7.69729239628058e-08,1.3316797471327e-06
"KICH","HSPA12B","MKI67",-0.514237935977066,2.83348355464273e-07,3.98134443941592e-06
"KICH","HSPA14","MKI67",-0.390125816212773,0.000148580309498765,0.000813218413152121
"KICH","HSPA2","MKI67",-0.58307055263577,1.87507889343167e-09,5.73559401941766e-08
"KICH","HSPA4L","MKI67",0.506115623506928,4.59200918400908e-07,5.98115995086165e-06
"KICH","HSPA4","MKI67",0.565886287625418,8.88670265559353e-09,2.17124566590335e-07
"KICH","HSPA5","MKI67",0.246153846153846,0.0188871420843358,0.0488536693693804
"KICH","HSPA6","MKI67",0.36043956043956,0.000487180693546046,0.00223918595734498
"KICH","HSPA9","MKI67",0.566332218506132,8.57982431734865e-09,2.10764369111741e-07
"KICH","HSPB11","MKI67",-0.384408345277911,0.000188332042773234,0.000995541171113775
"KICH","HSPB1","MKI67",0.389329511068641,0.000153605842594219,0.000836591374205818
"KICH","HSPB2","MKI67",-0.401114827201784,9.31201736227544e-05,0.000546491586230084
"KICH","HSPB3","MKI67",-0.332328340245415,0.00128918029272589,0.00512154318824837
"KICH","HSPB6","MKI67",-0.380570154483198,0.000220321331444848,0.00113851638847369
"KICH","HSPB9","MKI67",-0.630435048432639,2.13386910713536e-11,9.04783977916776e-10
"KICH","CRYAA","MKI67",-0.406795262624339,6.2962391143206e-05,0.000391264751581106
"KICH","HSPD1","MKI67",0.32105430801083,0.00200899169888409,0.00746037387068923
"KICH","HSPH1","MKI67",0.435977066411849,1.90443059671175e-05,0.000141005628420417
"KICH","HYOU1","MKI67",0.364914795349578,0.00041010329322695,0.00193288920662052
"KICH","DNAJB1","MKI67",0.325386207994904,0.00173372071862834,0.00658342746530641
"KICH","DNAJB4","MKI67",-0.551075011944577,2.64619428644587e-08,5.44594589325599e-07
"KICH","DNAJB11","MKI67",0.404634495938844,7.99157705787951e-05,0.000479528663899411
"KICH","DNAJB13","MKI67",-0.433524936072672,1.76581032485129e-05,0.000132239409568071
"KICH","DNAJA3","MKI67",0.34562828475872,0.000847244586836506,0.00358609209848806
"KICH","DNAJA4","MKI67",0.337171524128046,0.00114905317982713,0.00464570332665994
"KICH","DNAJC10","MKI67",-0.278802357063227,0.0076220535775618,0.0229387912918104
"KICH","DNAJC11","MKI67",-0.407310081223125,7.10691533040344e-05,0.000433896945438719
"KICH","DNAJC12","MKI67",-0.327297340340819,0.00162353626626666,0.00622748922450176
"KICH","DNAJC13","MKI67",0.536152253543558,7.21262375892877e-08,1.26146498351426e-06
"KICH","DNAJC14","MKI67",0.528921802834846,1.14608800763003e-07,1.86033498119239e-06
"KICH","DNAJC15","MKI67",-0.448144609014174,1.0522715963427e-05,8.50481898149295e-05
"KICH","DNAJC16","MKI67",-0.30539894887721,0.00336489319110005,0.0115349937673807
"KICH","DNAJC17","MKI67",-0.319987259117694,0.00208260526132539,0.00768978738857005
"KICH","DNAJC18","MKI67",-0.316833890746934,0.00231463245397258,0.00841209802394588
"KICH","DNAJC19","MKI67",-0.292180283484631,0.00509786874051159,0.0163686980494006
"KICH","DNAJC21","MKI67",0.291352126134735,0.00522915299358047,0.0167227448401746
"KICH","DNAJC22","MKI67",-0.436693741041567,1.84010221043959e-05,0.000136923902190786
"KICH","DNAJC27","MKI67",-0.422009874183787,3.66809566454408e-05,0.000246612705532469
"KICH","DNAJC28","MKI67",-0.322153209109731,0.00193565017234349,0.00722927283953135
"KICH","DNAJC2","MKI67",0.464150342411212,4.66735834858328e-06,4.25734821570361e-05
"KICH","DNAJC4","MKI67",0.290858416945373,0.00530884458251763,0.016935868812254
"KICH","DNAJC5B","MKI67",0.28953913436683,0.00537364911103005,0.0171105024342266
"KICH","DNAJC5","MKI67",0.455438764134416,7.29891474241941e-06,6.23002172149253e-05
"KICH","DNAJC6","MKI67",-0.375266762223284,0.000272839304277637,0.00136590254544998
"KICH","DNAJC7","MKI67",-0.345007166746297,0.000866657537281915,0.00365668609661013
"KICH","DNAJC8","MKI67",-0.467208154164676,3.97872873966182e-06,3.71886924209307e-05
"KICH","DNAJC9","MKI67",0.488055422838032,1.28961005661075e-06,1.4303387146495e-05
"KICH","SEC63","MKI67",-0.273068960025482,0.00900635748955731,0.0263763757404161
"KICH","GAK","MKI67",0.473148590539895,2.90605280358706e-06,2.84744488744005e-05
"KIRC","HSP90AA1","MKI67",-0.28078783016837,2.39897540445332e-12,1e-10
"KIRC","HSP90B1","MKI67",0.378297572156497,0,1e-10
"KIRC","HSPA14","MKI67",0.347832389948595,4.92776552854159e-19,1e-10
"KIRC","HSPA1L","MKI67",-0.226655389816352,1.84721466044626e-08,7.41942405779441e-08
"KIRC","HSPA2","MKI67",-0.274155446097253,8.02803755939154e-12,1e-10
"KIRC","HSPA4L","MKI67",-0.217206561153345,7.17654337898996e-08,2.69014817865096e-07
"KIRC","HSPA6","MKI67",0.408746523896062,0,1e-10
"KIRC","HSPA7","MKI67",0.398030101048146,0,1e-10
"KIRC","HSPB11","MKI67",0.3272940847262,1.34843076101632e-16,1e-10
"KIRC","HSPB7","MKI67",-0.265191913829694,3.90307738072363e-11,2.10999934424986e-10
"KIRC","HSPB8","MKI67",0.258652329213751,1.19332667220599e-10,6.12407886014838e-10
"KIRC","HSPB9","MKI67",-0.234052321100827,5.51069103972031e-09,2.35076453764345e-08
"KIRC","DNAJB2","MKI67",-0.245584106111674,1.01807845167048e-09,4.71717448270571e-09
"KIRC","DNAJB4","MKI67",-0.224700184560915,2.45802307685853e-08,9.73267498006072e-08
"KIRC","DNAJB11","MKI67",0.341946823108251,3.90279726171105e-18,1e-10
"KIRC","DNAJB13","MKI67",0.333125951819985,3.59252494279549e-17,1e-10
"KIRC","DNAJA2","MKI67",-0.27969833976059,2.93206127919022e-12,1e-10
"KIRC","DNAJA3","MKI67",-0.297799625701675,9.2762777595466e-14,1e-10
"KIRC","DNAJA4","MKI67",-0.22077683281283,4.3273526253313e-08,1.664822855333e-07
"KIRC","DNAJC11","MKI67",-0.294204550004199,1.88067274190399e-13,1e-10
"KIRC","DNAJC16","MKI67",-0.273477756641921,9.06604167946046e-12,1e-10
"KIRC","DNAJC19","MKI67",-0.47388138843838,0,1e-10
"KIRC","DNAJC25","MKI67",-0.349608143381359,1.95317751411383e-19,1e-10
"KIRC","DNAJC27","MKI67",-0.347085572717823,6.77009324061415e-19,1e-10
"KIRC","DNAJC28","MKI67",-0.386507169512818,0,1e-10
"KIRC","DNAJC2","MKI67",0.342540502365348,3.26096261397969e-18,1e-10
"KIRC","DNAJC30","MKI67",-0.296291971566484,1.249300630321e-13,1e-10
"KIRC","DNAJC5B","MKI67",0.499682853421045,1.36255261210071e-39,1e-10
"KIRC","DNAJC6","MKI67",-0.243092163042873,1.51187141070326e-09,6.87338319686701e-09
"KIRC","DNAJC9","MKI67",0.413315319850092,0,1e-10
"KIRC","SACS","MKI67",0.567888476731453,0,1e-10
"KIRP","HSP90AB1","MKI67",0.275014048334818,5.72898382689382e-07,3.14015028845143e-06
"KIRP","HSP90B1","MKI67",0.346119988804065,2.1115820752368e-10,2.07565272182169e-09
"KIRP","HSPA14","MKI67",0.257314926987831,3.02134209486965e-06,1.4477559121007e-05
"KIRP","HSPA1L","MKI67",-0.211339303074395,0.000134246738703896,0.000464665509623782
"KIRP","HSPA2","MKI67",-0.313621507591086,1.00940876396761e-08,7.52268742338348e-08
"KIRP","HSPB9","MKI67",-0.257284154191873,2.79765534998843e-06,1.34939053121957e-05
"KIRP","DNAJB2","MKI67",-0.213656477083587,0.0001128517766625,0.000396771726051174
"KIRP","DNAJB3","MKI67",0.231227797668127,2.709869854065e-05,0.000108141655416082
"KIRP","DNAJA4","MKI67",-0.263749028724126,1.67296267293583e-06,8.41741369422923e-06
"KIRP","DNAJC10","MKI67",0.276333772766671,5.03746540861604e-07,2.78913742630214e-06
"KIRP","DNAJC11","MKI67",-0.39490563578597,2.08715558024931e-13,1e-10
"KIRP","DNAJC19","MKI67",-0.25983864178776,2.4004326264407e-06,1.17242161009782e-05
"KIRP","DNAJC27","MKI67",-0.289253611436947,1.38110647827691e-07,8.4609055056582e-07
"KIRP","DNAJC28","MKI67",-0.455668374515822,5.7854485474051e-18,1e-10
"KIRP","DNAJC2","MKI67",0.2953369499338,7.34567993312498e-08,4.71971140244186e-07
"KIRP","DNAJC30","MKI67",-0.272787681052589,7.10692088574012e-07,3.829868426289e-06
"KIRP","DNAJC9","MKI67",0.390637363513928,4.2076058301348e-13,1e-10
"KIRP","GAK","MKI67",-0.235541254386321,1.9989453893726e-05,8.18700873781536e-05
"KIRP","SACS","MKI67",0.281600919035298,2.99514109673942e-07,1.72796192761738e-06
"LAML","HSP90B1","MKI67",0.29392854990706,9.29945984222641e-05,0.000798273858336804
"LAML","HSPA12A","MKI67",0.409244303662221,2.26376731849936e-08,6.02300979111859e-07
"LAML","HSPA12B","MKI67",0.284898785988106,0.000154305745642409,0.00122759877671812
"LAML","HSPA13","MKI67",0.365151508128178,9.40124576090647e-07,1.54304245319648e-05
"LAML","HSPA14","MKI67",0.279804478725821,0.000203864621779854,0.00155445122286433
"LAML","HSPA1A","MKI67",-0.271036615043735,0.000325337332070353,0.00230481048575003
"LAML","HSPA2","MKI67",0.252759516202658,0.000793424704898199,0.00486708910396982
"LAML","HSPA4","MKI67",0.234542091771697,0.00194358842442332,0.0102444893781143
"LAML","HSPA9","MKI67",0.229290313683696,0.00240924434167414,0.0122304549603668
"LAML","HSPB6","MKI67",0.261471060810221,0.000511171479631638,0.00336852944485414
"LAML","HSPH1","MKI67",0.21396322271718,0.00477773421614563,0.0213921289833381
"LAML","DNAJB2","MKI67",-0.284509412184619,0.000157654475200641,0.00124992813653939
"LAML","DNAJA4","MKI67",0.356689581005975,1.72021784201822e-06,2.60237022735252e-05
"LAML","DNAJC13","MKI67",0.326216445480714,1.32654587663053e-05,0.000151367721744181
"LAML","DNAJC3","MKI67",0.272856010494551,0.000295629705065606,0.00212700198962708
"LAML","DNAJC4","MKI67",-0.270640288136615,0.000332166361790841,0.0023455880821639
"LAML","DNAJC6","MKI67",0.226109266928103,0.0027781011868859,0.0137498605726868
"LAML","DNAJC8","MKI67",0.21950021091081,0.00377896259302291,0.0176888393340029
"LAML","DNAJC9","MKI67",0.529409310669306,0,1e-10
"LAML","SEC63","MKI67",0.372709531778001,5.40399150913904e-07,9.53929031142438e-06
"LAML","SACS","MKI67",0.344299150330736,4.04627285362026e-06,5.44592321479818e-05
"LGG","HSPA12A","MKI67",-0.249092480553155,6.06978524037357e-09,2.82091222925206e-08
"LGG","HSPA14","MKI67",0.236120863894444,3.69145762598329e-08,1.55497832248509e-07
"LGG","HSPA1L","MKI67",-0.270151242405323,2.60566234755401e-10,1.42995267807128e-09
"LGG","HSPA2","MKI67",-0.292822610372163,6.42953182871419e-12,1e-10
"LGG","HSPB2","MKI67",-0.266603004594978,4.5146419993303e-10,2.40799297137918e-09
"LGG","HSPB8","MKI67",-0.420807331474958,0,1e-10
"LGG","HYOU1","MKI67",0.226530495242189,1.31516479367258e-07,5.16484436294174e-07
"LGG","DNAJB2","MKI67",-0.528253173564781,0,1e-10
"LGG","DNAJB4","MKI67",-0.257274823331841,1.84491900810991e-09,9.14064164431253e-09
"LGG","DNAJB9","MKI67",-0.244130306423138,1.22534570149747e-08,5.48153887669558e-08
"LGG","DNAJB11","MKI67",0.331004013389919,5.40452714255177e-15,1e-10
"LGG","DNAJB12","MKI67",-0.203091399729577,2.34371762441399e-06,7.79820183775107e-06
"LGG","DNAJA2","MKI67",-0.261997742603618,9.10670073511969e-10,4.68234746894284e-09
"LGG","DNAJA4","MKI67",-0.220385443832144,2.88566642505892e-07,1.08346050919925e-06
"LGG","DNAJC12","MKI67",-0.327622450159671,1.06833664302509e-14,1e-10
"LGG","DNAJC14","MKI67",0.389845183744934,0,1e-10
"LGG","DNAJC17","MKI67",0.237622353622384,3.01075883418831e-08,1.28273403294384e-07
"LGG","DNAJC19","MKI67",-0.385210684746853,0,1e-10
"LGG","DNAJC27","MKI67",-0.285447004083527,2.22427897250427e-11,1.38236624378914e-10
"LGG","DNAJC2","MKI67",0.347845080903171,1.35568085066743e-16,1e-10
"LGG","DNAJC6","MKI67",-0.242129896238178,1.61969475803713e-08,7.13819144484053e-08
"LGG","DNAJC9","MKI67",0.31472026154118,1.28752992221001e-13,1e-10
"LIHC","HSP90AB1","MKI67",0.343591124125282,4.66547716335547e-13,1e-10
"LIHC","TRAP1","MKI67",-0.279021733141269,5.8962471152001e-09,5.38843327224687e-08
"LIHC","HSPA13","MKI67",0.342550449955151,4.06671417975064e-13,1e-10
"LIHC","HSPA14","MKI67",0.572614690242312,2.62623720412729e-38,1e-10
"LIHC","HSPA4","MKI67",0.264127171543045,3.80103171565738e-08,3.01417659723518e-07
"LIHC","HSPA6","MKI67",0.211631371432505,1.10890805650357e-05,5.45418886639114e-05
"LIHC","HSPA7","MKI67",0.226869759639398,2.36517848444546e-06,1.3357274321053e-05
"LIHC","HSPB11","MKI67",0.339135554663455,9.72384156461167e-13,1e-10
"LIHC","HSPB1","MKI67",0.267204918097307,2.6094703719926e-08,2.13001803955472e-07
"LIHC","HSPB6","MKI67",-0.267521823663227,2.50968173195363e-08,2.05471976567298e-07
"LIHC","HSPB9","MKI67",-0.229950173566014,1.82509909541047e-06,1.05446727023461e-05
"LIHC","CRYAA","MKI67",-0.277631830639997,6.07752230761686e-09,5.54163320375049e-08
"LIHC","HSPH1","MKI67",0.251956455002716,1.60812255790628e-07,1.13728864354996e-06
"LIHC","HYOU1","MKI67",0.265555686746798,3.19399262987452e-08,2.56787933696254e-07
"LIHC","DNAJB4","MKI67",-0.228506230272117,2.12359181022316e-06,1.21064980733399e-05
"LIHC","DNAJB5","MKI67",0.22086508374718,4.40522760289996e-06,2.35602956763247e-05
"LIHC","DNAJB6","MKI67",0.235910139246385,9.66743286182263e-07,5.89546542158335e-06
"LIHC","DNAJB7","MKI67",0.221217586515673,4.24929914240809e-06,2.28002289875605e-05
"LIHC","DNAJB9","MKI67",-0.506614242646075,0,1e-10
"LIHC","DNAJB11","MKI67",0.406872584441243,0,1e-10
"LIHC","DNAJB13","MKI67",0.331768470238796,2.36767078513828e-12,1e-10
"LIHC","DNAJA2","MKI67",-0.368229784085453,5.38777927797261e-15,1e-10
"LIHC","DNAJA3","MKI67",-0.257542525641328,8.36873928299845e-08,6.23438394147062e-07
"LIHC","DNAJC10","MKI67",0.386983414803095,1.31792794280771e-18,1e-10
"LIHC","DNAJC12","MKI67",-0.308751977707984,1.02131921958135e-10,1.2515407644009e-09
"LIHC","DNAJC13","MKI67",0.305418250800922,1.64704923960576e-10,1.95193622588974e-09
"LIHC","DNAJC14","MKI67",0.398188773702978,0,1e-10
"LIHC","DNAJC15","MKI67",-0.370386253256823,3.44773496299201e-15,1e-10
"LIHC","DNAJC16","MKI67",-0.248213568847852,2.47033126562501e-07,1.68822013028824e-06
"LIHC","DNAJC17","MKI67",-0.228186648404846,2.19570654050911e-06,1.24811799582515e-05
"LIHC","DNAJC18","MKI67",0.315491952636705,2.97648555498515e-11,3.9758194830653e-10
"LIHC","DNAJC19","MKI67",-0.368560700876095,5.03612311024246e-15,1e-10
"LIHC","DNAJC25","MKI67",-0.504323328689163,0,1e-10
"LIHC","DNAJC28","MKI67",-0.252615809481322,1.34894267211608e-07,9.67521577648394e-07
"LIHC","DNAJC2","MKI67",0.229415543013673,1.93060088783039e-06,1.11001245377018e-05
"LIHC","DNAJC30","MKI67",-0.471370030147748,0,1e-10
"LIHC","DNAJC5","MKI67",0.450230398060469,0,1e-10
"LIHC","DNAJC6","MKI67",0.379732684723829,3.66139811537839e-16,1e-10
"LIHC","DNAJC8","MKI67",0.20944876063633,1.4335923722371e-05,6.88893599819653e-05
"LIHC","DNAJC9","MKI67",0.751039270786596,0,1e-10
"LIHC","HSCB","MKI67",-0.268125261455958,2.04980749824769e-08,1.70445333094913e-07
"LIHC","SACS","MKI67",0.287921233614394,1.54573573478128e-09,1.560500430869e-08
"LUAD","HSP90AA1","MKI67",0.318476502649888,6.46652053892197e-15,1e-10
"LUAD","HSP90AB1","MKI67",0.420531107929571,0,1e-10
"LUAD","HSP90B1","MKI67",0.461715268882023,0,1e-10
"LUAD","TRAP1","MKI67",0.286435209604903,3.06139078503993e-12,1e-10
"LUAD","HSPA12B","MKI67",-0.363868711224977,0,1e-10
"LUAD","HSPA13","MKI67",0.234060608344008,1.45101770881375e-08,9.26945320595416e-08
"LUAD","HSPA14","MKI67",0.403783249189963,0,1e-10
"LUAD","HSPA1A","MKI67",0.283964157436013,4.76017446222499e-12,1e-10
"LUAD","HSPA1B","MKI67",0.299906123627961,2.54835483626411e-13,1e-10
"LUAD","HSPA4L","MKI67",0.339940665422423,4.77719629052569e-17,1e-10
"LUAD","HSPA4","MKI67",0.426429495390953,0,1e-10
"LUAD","HSPA5","MKI67",0.335666365257579,1.49691203116414e-16,1e-10
"LUAD","HSPA9","MKI67",0.38245899580539,0,1e-10
"LUAD","HSPB2","MKI67",-0.507647690452867,0,1e-10
"LUAD","HSPB3","MKI67",-0.458618886160427,2.65921097358651e-31,1e-10
"LUAD","HSPB6","MKI67",-0.476435711953382,0,1e-10
"LUAD","HSPB7","MKI67",-0.555849848039585,0,1e-10
"LUAD","HSPB8","MKI67",-0.440518109662673,0,1e-10
"LUAD","CRYAB","MKI67",-0.37997225121148,3.18396760353064e-21,1e-10
"LUAD","HSPD1","MKI67",0.620106937432497,0,1e-10
"LUAD","HSPE1","MKI67",0.397774031095371,0,1e-10
"LUAD","HYOU1","MKI67",0.419231155652676,0,1e-10
"LUAD","DNAJB2","MKI67",-0.24292059126416,3.93753440237399e-09,2.73953075709845e-08
"LUAD","DNAJB9","MKI67",-0.229478436691533,2.7929947479502e-08,1.70737096230102e-07
"LUAD","DNAJB11","MKI67",0.563437005500716,0,1e-10
"LUAD","DNAJB12","MKI67",-0.254847725617261,6.27767848593652e-10,4.90943131948148e-09
"LUAD","DNAJA1","MKI67",0.224677178308593,5.46840707074092e-08,3.19639088331456e-07
"LUAD","DNAJC10","MKI67",0.495884321703966,0,1e-10
"LUAD","DNAJC11","MKI67",0.464804084093135,0,1e-10
"LUAD","DNAJC12","MKI67",0.254885966895235,6.23989416180429e-10,4.8817953891131e-09
"LUAD","DNAJC13","MKI67",0.335435159370055,1.58049505772997e-16,1e-10
"LUAD","DNAJC14","MKI67",0.411926066862583,0,1e-10
"LUAD","DNAJC17","MKI67",-0.255601220951718,4.8218235705748e-10,3.83430465829723e-09
"LUAD","DNAJC18","MKI67",-0.285965267091862,2.65542058125815e-12,1e-10
"LUAD","DNAJC22","MKI67",0.404485859031154,4.39674059791842e-24,1e-10
"LUAD","DNAJC27","MKI67",-0.368543760338077,5.70023916956958e-20,1e-10
"LUAD","DNAJC28","MKI67",-0.289811054178284,1.66306303123064e-12,1e-10
"LUAD","DNAJC2","MKI67",0.585546869113104,0,1e-10
"LUAD","DNAJC4","MKI67",-0.226391316906538,4.30935550691222e-08,2.55948560248209e-07
"LUAD","DNAJC5B","MKI67",-0.26299650867807,1.69666083687712e-10,1.44165818529549e-09
"LUAD","DNAJC6","MKI67",0.214473162032502,2.1731886019795e-07,1.15505662144841e-06
"LUAD","DNAJC7","MKI67",0.423872102077211,0,1e-10
"LUAD","DNAJC9","MKI67",0.732545399743802,0,1e-10
"LUAD","SACS","MKI67",0.439507447316203,0,1e-10
"LUSC","HSP90AB1","MKI67",0.384677974140114,0,1e-10
"LUSC","HSP90B1","MKI67",0.304045011580541,3.39574782902989e-13,1e-10
"LUSC","TRAP1","MKI67",0.337489918744774,3.95859085340972e-16,1e-10
"LUSC","HSPA12B","MKI67",-0.22741550933298,6.79705443263477e-08,3.60966553883755e-07
"LUSC","HSPA14","MKI67",0.24132133386806,9.81240306568162e-09,5.92130009824419e-08
"LUSC","HSPA1A","MKI67",0.313405144982168,5.77221088891061e-14,1e-10
"LUSC","HSPA1B","MKI67",0.30642241460685,2.17985612861883e-13,1e-10
"LUSC","HSPA4L","MKI67",0.274017012553776,6.42957426083244e-11,5.29752956191664e-10
"LUSC","HSPA4","MKI67",0.346422406603995,4.58838244876883e-17,1e-10
"LUSC","HSPA9","MKI67",0.340208624420113,2.12563648677928e-16,1e-10
"LUSC","HSPB2","MKI67",-0.451314775648734,0,1e-10
"LUSC","HSPB6","MKI67",-0.338790905724142,2.94659871584752e-16,1e-10
"LUSC","HSPB7","MKI67",-0.422367540508385,2.23176991667835e-25,1e-10
"LUSC","HSPB8","MKI67",-0.382512015021269,0,1e-10
"LUSC","CRYAB","MKI67",-0.266311942928495,2.23645945254652e-10,1.71023345659295e-09
"LUSC","HSPD1","MKI67",0.429127421596462,0,1e-10
"LUSC","HSPE1","MKI67",0.243424974906033,7.24624263906892e-09,4.45825608791205e-08
"LUSC","HSPH1","MKI67",0.27489123007105,5.56785973003393e-11,4.62856641096819e-10
"LUSC","HYOU1","MKI67",0.270164160151822,1.20503862041034e-10,9.56389039051691e-10
"LUSC","DNAJB3","MKI67",0.242962972428588,6.92330827148041e-09,4.27172973629532e-08
"LUSC","DNAJB4","MKI67",-0.265429468089067,2.57332289326002e-10,1.95080516291724e-09
"LUSC","DNAJB9","MKI67",-0.497612945787328,0,1e-10
"LUSC","DNAJB11","MKI67",0.303162325014905,3.99869501997286e-13,1e-10
"LUSC","DNAJB13","MKI67",-0.260192613724212,5.04226287835599e-10,3.66772856649693e-09
"LUSC","DNAJB14","MKI67",-0.217922553022859,2.38098792977185e-07,1.1615177355752e-06
"LUSC","DNAJC11","MKI67",0.393217527330766,0,1e-10
"LUSC","DNAJC13","MKI67",0.247001101152726,4.30076978276104e-09,2.73520100129555e-08
"LUSC","DNAJC14","MKI67",0.25166881715801,2.15077107115237e-09,1.42903345512388e-08
"LUSC","DNAJC15","MKI67",-0.292056438444045,2.97357205563488e-12,1e-10
"LUSC","DNAJC18","MKI67",-0.326027202936219,4.65292479300241e-15,1e-10
"LUSC","DNAJC1","MKI67",-0.323550717752744,5.7503674456599e-15,1e-10
"LUSC","DNAJC21","MKI67",0.201027154415629,1.94015411377431e-06,8.16919220511627e-06
"LUSC","DNAJC28","MKI67",-0.23814630864585,1.39112028795495e-08,8.20811405049945e-08
"LUSC","DNAJC2","MKI67",0.492653047613519,0,1e-10
"LUSC","DNAJC3","MKI67",-0.223629632988496,1.12792641554444e-07,5.78789563184541e-07
"LUSC","DNAJC5B","MKI67",-0.373048295572159,9.82155341500687e-20,1e-10
"LUSC","DNAJC7","MKI67",0.374576163828095,0,1e-10
"LUSC","DNAJC8","MKI67",-0.216154145149256,2.9893372938508e-07,1.43542978293237e-06
"LUSC","DNAJC9","MKI67",0.485493172976608,0,1e-10
"LUSC","SACS","MKI67",0.321677711423176,1.1292692422526e-14,1e-10
"MESO","HSPB7","MKI67",-0.421393161770066,5.64825972430953e-05,0.00309235803144699
"MESO","HSPB9","MKI67",-0.391539695268645,0.000198159594940737,0.00720986925746495
"MESO","DNAJB9","MKI67",-0.467923015236568,6.3298497572265e-06,0.000689464252051438
"MESO","DNAJC14","MKI67",0.341401181016257,0.00128644054330324,0.0249224222279746
"MESO","DNAJC19","MKI67",-0.308467594955165,0.00378669306102972,0.0498136377302631
"MESO","DNAJC30","MKI67",-0.380968870744332,0.000301101591161748,0.00955702271384289
"MESO","DNAJC4","MKI67",-0.402967121090617,0.000124174422446278,0.00526846296808218
"MESO","DNAJC9","MKI67",0.607731282350368,0,1e-10
"MESO","SACS","MKI67",0.345356127433112,0.00112135654312478,0.0227865368016841
"OV","TRAP1","MKI67",-0.207153228856956,0.00025314379376132,0.00307091856847648
"OV","HSPA1L","MKI67",-0.202684036915168,0.000345148401554551,0.00391153066817787
"OV","HSPA2","MKI67",0.20916290098877,0.000219741356887568,0.0027490053565627
"OV","HSPB2","MKI67",-0.341246476667711,9.34024197888344e-10,9.24750428536426e-08
"OV","CRYAB","MKI67",-0.24623425431443,1.27247863296788e-05,0.000283326047977332
"OV","DNAJB9","MKI67",-0.32556037761174,5.69447411123259e-09,4.43590744503921e-07
"OV","DNAJB14","MKI67",-0.246866318773616,1.20730768349512e-05,0.000271373838157094
"OV","DNAJA2","MKI67",-0.266103611390176,2.28159727815252e-06,6.95690081921933e-05
"OV","DNAJC11","MKI67",0.205831750460626,0.000277631687538573,0.00330136045177619
"OV","DNAJC13","MKI67",0.288754621513782,2.71354706196605e-07,1.18670498850632e-05
"OV","DNAJC17","MKI67",-0.317690483647264,1.3588579311626e-08,9.32123389128953e-07
"OV","DNAJC2","MKI67",0.234794863764485,3.21878567068014e-05,0.000599841643523344
"OV","DNAJC30","MKI67",-0.307394828785371,4.08854712752908e-08,2.39270770194729e-06
"OV","DNAJC4","MKI67",-0.337447582170413,1.46061120007012e-09,1.36278888024486e-07
"OV","DNAJC9","MKI67",0.403266886574121,1.90218654077454e-13,1e-10
"OV","HSCB","MKI67",-0.259396569606404,4.138623349545e-06,0.000113305705037706
"OV","SACS","MKI67",0.387428262310818,2.28972409895129e-12,4.56592829000922e-10
"PAAD","HSP90AA1","MKI67",0.263354428892561,0.000330511927595547,0.00173388528651729
"PAAD","HSP90AB1","MKI67",0.253730232703861,0.000549382169109579,0.00267198852775511
"PAAD","TRAP1","MKI67",0.239588636595051,0.0011208953051378,0.00489871660649997
"PAAD","HSPA12A","MKI67",-0.338732543294197,3.1387327588789e-06,3.12233102823718e-05
"PAAD","HSPA12B","MKI67",-0.396326944616325,3.68784817964859e-08,6.40576224226055e-07
"PAAD","HSPA13","MKI67",-0.21844281876356,0.00302707880126652,0.0113181443727548
"PAAD","HSPA14","MKI67",0.360222991548722,6.58154452625615e-07,8.00907216196439e-06
"PAAD","HSPA1L","MKI67",-0.230916090324501,0.0017023497310188,0.00696944292717353
"PAAD","HSPA4","MKI67",0.311263932076477,1.97772575774688e-05,0.000154368197107143
"PAAD","HSPA9","MKI67",0.234573872314428,0.00142981437768171,0.00601507310981455
"PAAD","HSPB2","MKI67",-0.297770476138259,4.5931903916122e-05,0.000319355811102168
"PAAD","HSPB6","MKI67",-0.39200731556398,5.30028627458373e-08,8.80405536541516e-07
"PAAD","HSPB7","MKI67",-0.246279557933157,0.000803863429130579,0.00369397479279496
"PAAD","HSPB8","MKI67",-0.386857440492508,8.11414735428351e-08,1.27980102028736e-06
"PAAD","CRYAB","MKI67",-0.344685250601145,2.05872660845805e-06,2.16149418541609e-05
"PAAD","HSPD1","MKI67",0.522087677112624,0,1e-10
"PAAD","HSPE1","MKI67",0.459055555990695,8.90088307626768e-11,3.05634929146126e-09
"PAAD","HSPH1","MKI67",0.283254877695362,0.000108831456141737,0.000670565420154121
"PAAD","DNAJB1","MKI67",0.264431398964542,0.000311878122823904,0.00165066274529263
"PAAD","DNAJB3","MKI67",0.215173362699955,0.00344224267273648,0.0126052039744957
"PAAD","DNAJB4","MKI67",-0.303335474219295,3.26045939622167e-05,0.00023773127495543
"PAAD","DNAJB5","MKI67",-0.359337917962294,7.03425100697414e-07,8.48133579671732e-06
"PAAD","DNAJB9","MKI67",-0.36388077353865,4.98943171160756e-07,6.28785373372873e-06
"PAAD","DNAJB11","MKI67",0.402277693795869,2.21862183573836e-08,4.09573959860595e-07
"PAAD","DNAJA2","MKI67",0.272518465141416,0.000200191977235159,0.00113037629068024
"PAAD","DNAJA3","MKI67",0.326858458718758,7.10306603630982e-06,6.35219716887434e-05
"PAAD","DNAJA4","MKI67",0.287901514024108,8.29744714509345e-05,0.000531205797488446
"PAAD","DNAJC12","MKI67",-0.271674512230464,0.000209803369716552,0.00117629735943328
"PAAD","DNAJC13","MKI67",0.215070923374558,0.0035187669067594,0.0128418076748655
"PAAD","DNAJC15","MKI67",0.21946496126824,0.00289084043966174,0.0108901946689395
"PAAD","DNAJC18","MKI67",-0.462155271670596,6.18258887304397e-11,2.19982441015577e-09
"PAAD","DNAJC21","MKI67",0.248648892091515,0.000713073218219463,0.00333649853781484
"PAAD","DNAJC24","MKI67",-0.297241781739287,4.74354524703603e-05,0.000328368470259484
"PAAD","DNAJC27","MKI67",-0.424304668958981,3.08265370316438e-09,7.17503190408274e-08
"PAAD","DNAJC28","MKI67",-0.472578383839966,1.57038872380072e-11,6.34144380887292e-10
"PAAD","DNAJC2","MKI67",0.393197857025369,4.79848191589126e-08,8.06725288998273e-07
"PAAD","DNAJC6","MKI67",-0.304138306454771,3.10145866867392e-05,0.000227664937499112
"PAAD","DNAJC8","MKI67",-0.270411520055141,0.000224994090333348,0.00124860469899462
"PAAD","DNAJC9","MKI67",0.534282894582253,0,1e-10
"PAAD","SEC63","MKI67",-0.203852811479326,0.00571727210114755,0.0192800688019357
"PAAD","GAK","MKI67",0.218668003414974,0.00299657445401516,0.0112219089704789
"PCPG","HSPA14","MKI67",0.261250316561391,0.000318444260215557,0.00201700794232757
"PCPG","HSPE1","MKI67",-0.209547124521488,0.00406147364145169,0.0168530255042493
"PCPG","DNAJB2","MKI67",-0.42167078349403,2.64635229891528e-09,7.89477251067039e-08
"PCPG","DNAJC19","MKI67",-0.279994421178966,0.000110597017143405,0.000822462362725281
"PCPG","DNAJC30","MKI67",-0.284670354071622,8.39693305107097e-05,0.000650314740109541
"PCPG","DNAJC8","MKI67",-0.220664393541781,0.00245641967587342,0.0111433504549319
"PRAD","HSP90AB1","MKI67",0.268593777470038,1.80714869233908e-10,8.63842723023578e-10
"PRAD","TRAP1","MKI67",0.257766514029047,9.79966149671394e-10,4.36866269008106e-09
"PRAD","HSPA12A","MKI67",-0.208256820683705,8.8462715435997e-07,2.89498954499139e-06
"PRAD","HSPA12B","MKI67",-0.206690883125384,1.07103878849676e-06,3.4721914298147e-06
"PRAD","HSPA14","MKI67",0.372326339771521,0,1e-10
"PRAD","HSPA1L","MKI67",-0.244121598793353,6.62698863268036e-09,2.72216443652465e-08
"PRAD","HSPA2","MKI67",-0.240890148697712,1.17943244949365e-08,4.72085406958136e-08
"PRAD","HSPA4L","MKI67",-0.237355375179302,1.94213122989419e-08,7.60080479586175e-08
"PRAD","HSPA4","MKI67",0.280460527442765,2.59682214940421e-11,1.34254555253587e-10
"PRAD","HSPA8","MKI67",0.252790148968186,2.07890373846606e-09,8.97694463044994e-09
"PRAD","HSPA9","MKI67",0.405039079017241,0,1e-10
"PRAD","HSPB1","MKI67",-0.427445307858268,0,1e-10
"PRAD","HSPB2","MKI67",-0.473674401327848,0,1e-10
"PRAD","HSPB3","MKI67",-0.267399392338,1.85101890815667e-10,8.83883797470754e-10
"PRAD","HSPB6","MKI67",-0.539133274369953,0,1e-10
"PRAD","HSPB7","MKI67",-0.368423504931196,0,1e-10
"PRAD","HSPB8","MKI67",-0.573326986204913,0,1e-10
"PRAD","HSPB9","MKI67",-0.257874099942898,8.35475580617154e-10,3.74917856170606e-09
"PRAD","CRYAB","MKI67",-0.548446747682712,0,1e-10
"PRAD","HSPD1","MKI67",0.445690344881681,0,1e-10
"PRAD","HYOU1","MKI67",0.238720656927791,1.60328416979798e-08,6.32804347244668e-08
"PRAD","DNAJB1","MKI67",-0.234158446218607,2.75331281795895e-08,1.06058318036558e-07
"PRAD","DNAJB2","MKI67",-0.307717981937731,2.08991513452259e-13,1e-10
"PRAD","DNAJB3","MKI67",0.245181521231792,5.67403391397704e-09,2.34628801782624e-08
"PRAD","DNAJB4","MKI67",-0.30119688449759,6.95920892795694e-13,1e-10
"PRAD","DNAJB5","MKI67",-0.510984697470074,0,1e-10
"PRAD","DNAJA3","MKI67",0.308233974627715,1.89744499178676e-13,1e-10
"PRAD","DNAJC10","MKI67",0.250541245966553,2.90554220269744e-09,1.23661315564975e-08
"PRAD","DNAJC14","MKI67",0.299110338155889,1.01565522396484e-12,1e-10
"PRAD","DNAJC15","MKI67",-0.283236530609117,1.62742221413518e-11,1e-10
"PRAD","DNAJC16","MKI67",0.261616191668853,5.41849079239478e-10,2.47594945140061e-09
"PRAD","DNAJC17","MKI67",-0.293926825903857,2.56231634397113e-12,1e-10
"PRAD","DNAJC1","MKI67",-0.227909189181392,7.09393111191605e-08,2.61797629532498e-07
"PRAD","DNAJC22","MKI67",0.297539972283647,1.04817051482325e-12,1e-10
"PRAD","DNAJC2","MKI67",0.327333565941165,4.47717861605055e-15,1e-10
"PRAD","DNAJC5","MKI67",0.311656375122502,9.94163041114212e-14,1e-10
"PRAD","DNAJC8","MKI67",-0.337228528849746,4.29045447497266e-16,1e-10
"PRAD","DNAJC9","MKI67",0.315885510064797,4.41107144087202e-14,1e-10
"PRAD","HSCB","MKI67",-0.234974769262949,2.70574704213634e-08,1.04307200745646e-07
"READ","HSP90AB1","MKI67",0.389809247356417,4.54275923622161e-05,0.000963232169690218
"READ","HSP90B1","MKI67",0.345656230561891,0.000329932738648838,0.00445183384065446
"READ","TRAP1","MKI67",0.369894256686709,0.00011488645059068,0.00197811698940494
"READ","HSPA14","MKI67",0.333972631142442,0.000533472784333595,0.00642000402500707
"READ","HSPA1L","MKI67",-0.258055152394775,0.00801760528113366,0.0475490531137692
"READ","HSPA4","MKI67",0.413404520008294,1.40402897714015e-05,0.000380769484334912
"READ","HSPA8","MKI67",0.317800124403898,0.00100781440068205,0.0103486935252382
"READ","HSPA9","MKI67",0.289705577441426,0.00281693802726217,0.022175426584772
"READ","HSPB2","MKI67",-0.382396848434584,6.45902484470658e-05,0.00126755546029184
"READ","HSPB3","MKI67",-0.355881077581815,0.000194703288049736,0.0029689585281388
"READ","HSPB6","MKI67",-0.350642753472942,0.000267289606430852,0.00378936812958138
"READ","HSPB7","MKI67",-0.359361393323657,0.000183494207922462,0.00283739280641719
"READ","HSPB8","MKI67",-0.403597346050176,2.31059596083401e-05,0.000565106012314855
"READ","HSPB9","MKI67",-0.3489772857049,0.000263723952401141,0.00375110395051002
"READ","CRYAB","MKI67",-0.436077130416753,4.19183752207023e-06,0.000144373125068724
"READ","HSPD1","MKI67",0.381049139539706,6.88000722654555e-05,0.00133116163739726
"READ","HYOU1","MKI67",0.264762595894671,0.0064854708200204,0.0408135144851528
"READ","DNAJB2","MKI67",-0.308169189301265,0.0014491811646445,0.0135787332084464
"READ","DNAJB4","MKI67",-0.39277420692515,3.93742352470169e-05,0.00086091692542261
"READ","DNAJB5","MKI67",-0.336160066348746,0.000488235500497268,0.00600635331540789
"READ","DNAJB9","MKI67",-0.565602322206096,2.6644991419342e-10,3.622884758817e-08
"READ","DNAJB11","MKI67",0.31189093924943,0.00126112075847421,0.0122468135612881
"READ","DNAJA1","MKI67",0.281567489114659,0.00372729013379978,0.0272438499752665
"READ","DNAJC11","MKI67",0.439747045407423,3.42039305575439e-06,0.000122314665217605
"READ","DNAJC14","MKI67",0.274320962056811,0.00475175842925828,0.0325635086719049
"READ","DNAJC18","MKI67",-0.345324486833921,0.000334547761910887,0.00449888614095493
"READ","DNAJC27","MKI67",-0.33911465892598,0.000432734887002766,0.00547590669718235
"READ","DNAJC28","MKI67",-0.296309351026332,0.00223143787723849,0.0186875089889071
"READ","DNAJC2","MKI67",0.285963093510263,0.00320719837170647,0.0243926141922257
"READ","DNAJC4","MKI67",-0.520993157785611,1.99940477851461e-08,1.68082498279966e-06
"READ","DNAJC7","MKI67",0.434791623470869,4.49903521062541e-06,0.00015288772579545
"READ","DNAJC9","MKI67",0.553721749948165,1.28600882062573e-09,1.52769382500591e-07
"READ","SACS","MKI67",0.269966825627203,0.00548218744650663,0.0361052112694995
"SARC","HSP90AA1","MKI67",0.274100130257032,6.47800783400891e-06,5.69703687349309e-05
"SARC","HSPA13","MKI67",0.244050090921988,6.25356753746915e-05,0.000408248404533542
"SARC","HSPA14","MKI67",0.424034356904268,5.93985780327924e-13,1e-10
"SARC","HSPB11","MKI67",0.266380144185507,1.19008764367763e-05,9.67622933741725e-05
"SARC","HSPB2","MKI67",-0.457365970672823,0,1e-10
"SARC","CRYAB","MKI67",-0.302077664143205,6.12990026579361e-07,7.2365630795135e-06
"SARC","HSPH1","MKI67",0.262267375127355,1.63348015689376e-05,0.000127439487163484
"SARC","DNAJB1","MKI67",0.201915810108462,0.000968411164243896,0.00429424780838192
"SARC","DNAJB2","MKI67",-0.407884419453436,6.63299362525272e-12,2.8690595406244e-10
"SARC","DNAJB6","MKI67",-0.412726498923123,3.38395123849123e-12,1.56493919445386e-10
"SARC","DNAJB9","MKI67",-0.285232592630805,2.6100704995845e-06,2.57650403804653e-05
"SARC","DNAJA1","MKI67",0.269529527076697,9.30611734577608e-06,7.80981989314664e-05
"SARC","DNAJA2","MKI67",-0.233370948812855,0.000131328994591191,0.000774977343370655
"SARC","DNAJC11","MKI67",0.308086898206064,3.57715925384355e-07,4.51081944444637e-06
"SARC","DNAJC16","MKI67",0.256073072905248,2.60688210445715e-05,0.000191277857802156
"SARC","DNAJC19","MKI67",-0.324750125743174,7.55505269547741e-08,1.14975663180923e-06
"SARC","DNAJC30","MKI67",-0.364969886121823,1.19654885022026e-09,2.93207070269732e-08
"SARC","DNAJC4","MKI67",-0.308946465649544,3.30876815099753e-07,4.21083305350956e-06
"SARC","DNAJC9","MKI67",0.622795625427204,0,1e-10
"SARC","HSCB","MKI67",-0.23643263390036,0.000106520833785918,0.000646516949193201
"SARC","SACS","MKI67",0.380616206038252,2.01911292484421e-10,6.03617576291365e-09
"SKCM","HSPA14","MKI67",0.350278390868385,5.07908600729688e-15,1e-10
"SKCM","HSPB2","MKI67",-0.267020013437131,4.04688535516838e-09,4.2074681119202e-08
"SKCM","CRYAB","MKI67",-0.339278873985349,4.21246442147715e-14,1e-10
"SKCM","DNAJB2","MKI67",-0.327226584672938,3.66478180692698e-13,1e-10
"SKCM","DNAJC11","MKI67",0.226209109360497,6.94234426212012e-07,4.84582827994613e-06
"SKCM","DNAJC4","MKI67",-0.22885405501336,5.1080910236466e-07,3.65648485819398e-06
"SKCM","DNAJC8","MKI67",0.212915533407608,3.07294299162358e-06,1.88933922271548e-05
"SKCM","DNAJC9","MKI67",0.542647847171653,0,1e-10
"SKCM","SACS","MKI67",0.258913564318643,1.20717607293586e-08,1.15776888051578e-07
"STAD","HSP90AA1","MKI67",0.408160896267801,0,1e-10
"STAD","HSP90AB1","MKI67",0.471251512353148,0,1e-10
"STAD","HSP90B1","MKI67",0.391638411383102,0,1e-10
"STAD","TRAP1","MKI67",0.388983451770132,0,1e-10
"STAD","HSPA12A","MKI67",-0.223977468201489,1.69764083957812e-06,8.17534900374785e-06
"STAD","HSPA12B","MKI67",-0.316106976659967,8.72005113410968e-12,1e-10
"STAD","HSPA14","MKI67",0.546440295178413,0,1e-10
"STAD","HSPA1B","MKI67",0.207752993018896,9.26971906790173e-06,3.90908048759192e-05
"STAD","HSPA1L","MKI67",-0.32986322566202,9.38453320678644e-13,1e-10
"STAD","HSPA2","MKI67",-0.440554801093668,0,1e-10
"STAD","HSPA4","MKI67",0.403029940888597,0,1e-10
"STAD","HSPA5","MKI67",0.373393580544431,1.69989507514009e-16,1e-10
"STAD","HSPA8","MKI67",0.252976064079329,5.91974579772024e-08,3.63587306042189e-07
"STAD","HSPA9","MKI67",0.482406003651047,0,1e-10
"STAD","HSPB1","MKI67",-0.431740403656314,0,1e-10
"STAD","HSPB2","MKI67",-0.562928277835117,0,1e-10
"STAD","HSPB3","MKI67",-0.361145715889523,2.61098294837802e-15,1e-10
"STAD","HSPB6","MKI67",-0.543880677600054,0,1e-10
"STAD","HSPB7","MKI67",-0.514577487625453,0,1e-10
"STAD","HSPB8","MKI67",-0.594864303856645,0,1e-10
"STAD","CRYAB","MKI67",-0.57852539189494,0,1e-10
"STAD","HSPD1","MKI67",0.559475421277801,0,1e-10
"STAD","HSPE1","MKI67",0.359589265461393,4.27507004342215e-15,1e-10
"STAD","HSPH1","MKI67",0.427713387885043,0,1e-10
"STAD","HYOU1","MKI67",0.363562684260169,1.86470452199016e-15,1e-10
"STAD","DNAJB2","MKI67",-0.29843116920742,1.28664978932108e-10,1.17344390263587e-09
"STAD","DNAJB4","MKI67",-0.432162595041622,0,1e-10
"STAD","DNAJB5","MKI67",-0.509664344021452,0,1e-10
"STAD","DNAJB6","MKI67",-0.231949063122945,7.03480929705883e-07,3.61736153779138e-06
"STAD","DNAJB9","MKI67",-0.296049461972652,1.82384352078973e-10,1.62846429096521e-09
"STAD","DNAJB11","MKI67",0.255860950753666,4.14252808123878e-08,2.60585699429858e-07
"STAD","DNAJA1","MKI67",0.38754489322581,0,1e-10
"STAD","DNAJA3","MKI67",0.289987473189168,4.36999381962587e-10,3.69526163942105e-09
"STAD","DNAJA4","MKI67",0.202237640679707,1.60390898140769e-05,6.47145409570231e-05
"STAD","DNAJC11","MKI67",0.4436461743844,0,1e-10
"STAD","DNAJC12","MKI67",-0.211645818827089,6.24030480527027e-06,2.71741585901982e-05
"STAD","DNAJC14","MKI67",0.316118433506668,8.70432396564964e-12,1e-10
"STAD","DNAJC16","MKI67",0.333364411676107,5.20968987156655e-13,1e-10
"STAD","DNAJC17","MKI67",-0.223103192279139,1.86630990778078e-06,8.92261306338158e-06
"STAD","DNAJC18","MKI67",-0.430224412630844,0,1e-10
"STAD","DNAJC28","MKI67",-0.300695542529428,9.20687294195911e-11,8.5691789159317e-10
"STAD","DNAJC2","MKI67",0.411313636116722,0,1e-10
"STAD","DNAJC30","MKI67",-0.259668837870804,2.56917735612071e-08,1.67009174700863e-07
"STAD","DNAJC3","MKI67",0.264922131302706,1.31295421254153e-08,8.9261788937005e-08
"STAD","DNAJC4","MKI67",-0.520027259393874,0,1e-10
"STAD","DNAJC7","MKI67",0.367822524226457,7.17851216448651e-16,1e-10
"STAD","DNAJC9","MKI67",0.602582267895973,0,1e-10
"TGCT","HSP90B1","MKI67",-0.246997834711005,0.00193267033373264,0.00498417323453554
"TGCT","TRAP1","MKI67",-0.383136033885982,9.73287132180921e-07,5.36739804735171e-06
"TGCT","HSPA13","MKI67",0.250689889522846,0.00164450073820419,0.00431762724510261
"TGCT","HSPA1L","MKI67",0.226574576030093,0.00453216000028753,0.0106083311606098
"TGCT","HSPA2","MKI67",-0.2156691059095,0.0069480963897282,0.0154750372480842
"TGCT","HSPA5","MKI67",-0.226081459120292,0.00462248438668547,0.0107950493678644
"TGCT","HSPA6","MKI67",-0.245347789666672,0.00207575618133897,0.00531089728645735
"TGCT","HSPB1","MKI67",-0.401555214869371,2.61892136933192e-07,1.63368877550619e-06
"TGCT","HSPB2","MKI67",-0.397268890961104,3.57881389833573e-07,2.16840311288969e-06
"TGCT","HSPB3","MKI67",-0.228884013064804,0.00405280419271888,0.0096100973369976
"TGCT","HSPB6","MKI67",-0.238308229678684,0.00280090071409382,0.00692714726312443
"TGCT","HSPB8","MKI67",-0.292867190339966,0.000220101489542385,0.00071529729844578
"TGCT","CRYAB","MKI67",-0.373779456623097,1.84285950590814e-06,9.56789419792646e-06
"TGCT","DNAJB7","MKI67",0.290509079989253,0.000248343395006302,0.000796982231107651
"TGCT","DNAJB11","MKI67",-0.242875883106004,0.00230820992202076,0.0058355636608262
"TGCT","DNAJC10","MKI67",0.388620379004599,6.63599014715727e-07,3.79517850122626e-06
"TGCT","DNAJC12","MKI67",-0.206154478355013,0.00993192517158514,0.0211938697067722
"TGCT","DNAJC13","MKI67",0.444194022537972,9.17077244405897e-09,7.83565843400435e-08
"TGCT","DNAJC16","MKI67",0.331210191082803,2.67562195342282e-05,0.000107438647836905
"TGCT","DNAJC17","MKI67",-0.354342431761787,6.54402406503509e-06,3.00929698627058e-05
"TGCT","DNAJC19","MKI67",-0.270771759573896,0.000656126307065529,0.00190218736160165
"TGCT","DNAJC22","MKI67",0.218953390969006,0.0061214599926303,0.0138352962315228
"TGCT","DNAJC27","MKI67",0.231189644544894,0.00376066910858815,0.00899559556068581
"TGCT","DNAJC28","MKI67",0.224949819032416,0.00483591166955001,0.0112348137478703
"TGCT","DNAJC6","MKI67",0.296151475399472,0.000185725798352303,0.000614105396191508
"TGCT","DNAJC7","MKI67",-0.233923914589622,0.00336155156760138,0.00814511014336827
"TGCT","DNAJC8","MKI67",-0.280719444927376,0.000405581404037316,0.00123710836043007
"TGCT","DNAJC9","MKI67",0.376804539204375,1.50226013614254e-06,7.94964012139203e-06
"TGCT","HSCB","MKI67",-0.216886093154842,0.00663084543627565,0.0148482813463079
"TGCT","SACS","MKI67",0.496179924451961,4.87462688888902e-11,6.59431749600385e-10
"THCA","HSP90B1","MKI67",-0.327735276007007,8.66883546256264e-16,1e-10
"THCA","HSPA12A","MKI67",-0.316998646311534,8.09411378280316e-15,1e-10
"THCA","HSPA1L","MKI67",-0.389151794840672,4.0197099742365e-22,1e-10
"THCA","HSPA5","MKI67",-0.274708717811747,2.31345650411674e-11,1.11352805331964e-10
"THCA","HSPA6","MKI67",0.389249706301685,3.91715250591912e-22,1e-10
"THCA","HSPA7","MKI67",0.343721069291258,2.63284222216428e-17,1e-10
"THCA","HSPB11","MKI67",-0.366682974022477,1.20813051480449e-19,1e-10
"THCA","HSPB7","MKI67",-0.209667070415188,4.19510101182378e-07,1.34758828972982e-06
"THCA","CRYAB","MKI67",-0.23439336916912,1.40460895759328e-08,5.23598619777225e-08
"THCA","HSPH1","MKI67",0.267511007144571,7.88284184014854e-11,3.62357747208638e-10
"THCA","HYOU1","MKI67",-0.225720318091702,4.83649822676814e-08,1.7108013564629e-07
"THCA","DNAJB2","MKI67",-0.335655652765435,1.57448901873318e-16,1e-10
"THCA","DNAJB4","MKI67",-0.275499227432394,2.01754376573393e-11,1e-10
"THCA","DNAJB11","MKI67",-0.210330906273645,3.84911334405304e-07,1.24134021707515e-06
"THCA","DNAJA1","MKI67",0.219253769434956,1.17784648719152e-07,4.00718580403968e-07
"THCA","DNAJA2","MKI67",-0.256247598400016,4.99437706541239e-10,2.13448719671734e-09
"THCA","DNAJA3","MKI67",-0.222995821081777,7.06033278823315e-08,2.45639250094729e-07
"THCA","DNAJC19","MKI67",-0.411512900412277,8.72958093232584e-25,1e-10
"THCA","DNAJC1","MKI67",-0.310835065338668,2.80381669421302e-14,1e-10
"THCA","DNAJC21","MKI67",0.214281284270715,2.29296825031697e-07,7.57023510813336e-07
"THCA","DNAJC25","MKI67",-0.419330421861981,9.14857981663053e-26,1e-10
"THCA","DNAJC27","MKI67",-0.260731331940537,2.4201883884625e-10,1.06393614056942e-09
"THCA","DNAJC28","MKI67",-0.344507065070359,2.20552617071814e-17,1e-10
"THCA","DNAJC30","MKI67",-0.43006483941246,3.74654007515963e-27,1e-10
"THCA","DNAJC5B","MKI67",0.512232543778461,1.3937513371107e-39,1e-10
"THCA","DNAJC5","MKI67",-0.325398962353316,1.42033138243582e-15,1e-10
"THCA","DNAJC9","MKI67",0.303907172240543,1.09483178190536e-13,1e-10
"THCA","SEC63","MKI67",-0.215379566169833,1.98192946324415e-07,6.58595908239351e-07
"THCA","SACS","MKI67",0.205764045145006,6.91965644102604e-07,2.17313490523135e-06
"THYM","HSP90AA1","MKI67",0.293657743514165,0.00107520281232709,0.00317208511921908
"THYM","HSP90AB1","MKI67",-0.536145872229621,2.05681457535946e-10,2.3265285918375e-09
"THYM","HSP90B1","MKI67",-0.359793272773535,5.27055205080934e-05,0.000211585683565043
"THYM","HSPA12A","MKI67",-0.316240445970372,0.000412986787187954,0.00134832718976035
"THYM","HSPA12B","MKI67",-0.241916456557873,0.00738935093445584,0.0175545345774695
"THYM","HSPA14","MKI67",0.608573099685746,0,1e-10
"THYM","HSPA1A","MKI67",-0.648200224042614,0,1e-10
"THYM","HSPA1B","MKI67",-0.584153115613259,0,1e-10
"THYM","HSPA1L","MKI67",-0.410576265361624,3.25473660004349e-06,1.69712676112626e-05
"THYM","HSPA4L","MKI67",-0.548491347262748,0,1e-10
"THYM","HSPA5","MKI67",-0.476962933834731,4.18321605668547e-08,3.1924537448807e-07
"THYM","HSPA6","MKI67",-0.524950350438337,7.79593558863635e-10,8.12420478449213e-09
"THYM","HSPA7","MKI67",-0.497589393994468,8.74740961955044e-09,7.5938814655341e-08
"THYM","HSPA8","MKI67",0.404297785018224,4.70319440128534e-06,2.37192248205562e-05
"THYM","HSPA9","MKI67",-0.404456399258478,4.66005638797151e-06,2.35213992217375e-05
"THYM","HSPB11","MKI67",0.583095687344897,0,1e-10
"THYM","HSPB2","MKI67",-0.246919414052561,0.00622841314113831,0.0150987563492622
"THYM","CRYAB","MKI67",-0.311098701015462,0.000516828663466248,0.00164848250243267
"THYM","CRYAA","MKI67",0.605219387261903,1.53810799212982e-13,1e-10
"THYM","HSPH1","MKI67",0.48046566497368,3.23649904101604e-08,2.52242730839577e-07
"THYM","HYOU1","MKI67",-0.297755278054068,0.000908722103197504,0.00272939207751748
"THYM","DNAJB2","MKI67",-0.322062910373041,0.000318862993447475,0.00106937791482297
"THYM","DNAJB3","MKI67",-0.313278847656191,0.000442191829883269,0.00143372142057066
"THYM","DNAJB4","MKI67",-0.478066624589834,3.85968586142063e-08,2.96490257155891e-07
"THYM","DNAJB5","MKI67",-0.319478820042231,0.000357870206780663,0.00118613663686796
"THYM","DNAJB6","MKI67",0.361630554389814,4.80103204803546e-05,0.000194525173020965
"THYM","DNAJB9","MKI67",-0.499466329170811,7.52953220435908e-09,6.61893986219815e-08
"THYM","DNAJB11","MKI67",0.34259023663262,0.000123043890272153,0.000454577070629296
"THYM","DNAJB14","MKI67",-0.220450662710123,0.0148402920634512,0.03237103833917
"THYM","DNAJA3","MKI67",-0.278595999616682,0.00195580201619933,0.00540899713635844
"THYM","DNAJA4","MKI67",-0.554948268626434,0,1e-10
"THYM","DNAJC10","MKI67",-0.424448402457199,1.40722939323442e-06,7.91208520462022e-06
"THYM","DNAJC12","MKI67",0.783925741978233,1.32969661010759e-26,1e-10
"THYM","DNAJC13","MKI67",-0.479705638405795,3.42276555863698e-08,2.6558954723978e-07
"THYM","DNAJC15","MKI67",0.471173514065448,6.34840540584623e-08,4.6790062151589e-07
"THYM","DNAJC16","MKI67",-0.491284477944359,1.43253604010523e-08,1.19486657840414e-07
"THYM","DNAJC17","MKI67",0.344943014529725,0.000109871446239374,0.000410446314857256
"THYM","DNAJC18","MKI67",-0.208752862491367,0.0211839798408693,0.0441479985847333
"THYM","DNAJC1","MKI67",-0.290088923108443,0.00124248304720755,0.00360879361442392
"THYM","DNAJC21","MKI67",-0.254004183450587,0.0048624741173414,0.0121284848033507
"THYM","DNAJC22","MKI67",-0.451421169181451,1.80242796368061e-07,1.2145344039731e-06
"THYM","DNAJC25","MKI67",-0.589208944521365,0,1e-10
"THYM","DNAJC3","MKI67",-0.487094418430975,1.97273741641832e-08,1.60245902470478e-07
"THYM","DNAJC4","MKI67",0.265351710555447,0.00322623973676599,0.00843423178495013
"THYM","DNAJC5","MKI67",-0.642047313306083,0,1e-10
"THYM","DNAJC6","MKI67",-0.363309221765839,4.40662848897698e-05,0.000180045324006839
"THYM","DNAJC7","MKI67",0.389136907220583,1.11207270611507e-05,5.1827159317777e-05
"THYM","DNAJC8","MKI67",0.603239695857194,0,1e-10
"THYM","DNAJC9","MKI67",0.819781178437716,0,1e-10
"THYM","HSCB","MKI67",-0.298098942241285,0.000895894531887543,0.00269496659695179
"THYM","SACS","MKI67",0.271531056998688,0.00256185846231263,0.0068771328273747
"UCEC","HSP90AA1","MKI67",0.420403428402542,7.48058029011677e-10,2.32566782595716e-08
"UCEC","HSP90AB1","MKI67",0.248358208955224,0.000393061388687965,0.00210007564114817
"UCEC","HSP90B1","MKI67",0.249986700162554,0.000358995783518751,0.00194502130642343
"UCEC","TRAP1","MKI67",0.227932614156938,0.00116695465690793,0.00525198564184241
"UCEC","HSPA12A","MKI67",-0.367669572927442,9.86541283830527e-08,1.66599282193058e-06
"UCEC","HSPA12B","MKI67",-0.351538347864637,3.7252914633357e-07,5.30485253972197e-06
"UCEC","HSPA14","MKI67",0.497439042411704,0,1e-10
"UCEC","HSPA1L","MKI67",-0.427347421309295,3.64257217808354e-10,1.23549731966679e-08
"UCEC","HSPA2","MKI67",-0.225018471996453,0.00135305684569773,0.00594306921414575
"UCEC","HSPA4L","MKI67",0.270577165131231,0.000102378394086479,0.000670054144872584
"UCEC","HSPA4","MKI67",0.49063395891828,0,1e-10
"UCEC","HSPA5","MKI67",0.274499778336043,8.5410174626478e-05,0.000574155728871352
"UCEC","HSPA8","MKI67",0.407889759125166,2.59327597036248e-09,6.9225969389029e-08
"UCEC","HSPA9","MKI67",0.458109945322891,9.20002922939852e-12,4.67847887383561e-10
"UCEC","HSPB2","MKI67",-0.380755135215014,3.18513919246758e-08,6.21041634282212e-07
"UCEC","HSPB3","MKI67",-0.288090723874118,3.36587186405482e-05,0.000259046252338666
"UCEC","HSPB6","MKI67",-0.345520910299985,6.00761340607296e-07,8.03496898427622e-06
"UCEC","HSPB7","MKI67",-0.407746416432688,2.62954572628664e-09,7.00572302502664e-08
"UCEC","HSPB8","MKI67",-0.413163883552534,1.54739328059524e-09,4.40241673844828e-08
"UCEC","CRYAB","MKI67",-0.208903502290528,0.00296963028125999,0.0114568713417352
"UCEC","HSPD1","MKI67",0.506460765479533,0,1e-10
"UCEC","HSPE1","MKI67",0.353639722181173,3.14563258320426e-07,4.57856478549463e-06
"UCEC","HSPH1","MKI67",0.273791931431949,8.9195124739149e-05,0.00059557749854311
"UCEC","HYOU1","MKI67",0.39320526082459,1.03727400446127e-08,2.3332261825791e-07
"UCEC","DNAJB4","MKI67",-0.312430914733264,7.04876256072856e-06,6.76334129378223e-05
"UCEC","DNAJB6","MKI67",-0.206008571006354,0.00340054916211823,0.0128180631555393
"UCEC","DNAJB9","MKI67",-0.420769912812177,7.20598981459276e-10,2.25007818313738e-08
"UCEC","DNAJB11","MKI67",0.342096941037387,7.85167404541985e-07,1.01280257753662e-05
"UCEC","DNAJA1","MKI67",0.379151765922861,3.66797851275088e-08,7.02463052105738e-07
"UCEC","DNAJA2","MKI67",-0.281830944288459,5.41422628238166e-05,0.000389305050561953
"UCEC","DNAJA3","MKI67",0.298333087040047,1.853728784379e-05,0.000155316013788822
"UCEC","DNAJC11","MKI67",0.450409339441407,2.61582393305e-11,1.19483508298188e-09
"UCEC","DNAJC12","MKI67",-0.281931431949165,5.38003916409873e-05,0.000387187181791242
"UCEC","DNAJC18","MKI67",-0.219668981823555,0.00176707883184036,0.00743115233627669
"UCEC","DNAJC27","MKI67",-0.28905718930102,3.41281093590014e-05,0.000262107026816133
"UCEC","DNAJC2","MKI67",0.327861681690557,2.31370267993113e-06,2.5847673933961e-05
"UCEC","DNAJC4","MKI67",-0.206534653465347,0.00331826280715737,0.0125589429173362
"UCEC","DNAJC7","MKI67",0.235587409487217,0.000784357349475149,0.00375982955638517
"UCEC","DNAJC9","MKI67",0.655016994236737,0,1e-10
"UCS","DNAJC9","MKI67",0.442960850401867,0.000632305654952932,0.0333459858513011
"UVM","HSP90B1","MKI67",0.531809657759025,5.95709910487557e-07,5.50576934116393e-06
"UVM","TRAP1","MKI67",0.448945147679325,3.59132142924472e-05,0.000215612972985155
"UVM","HSPA12A","MKI67",-0.279324894514768,0.0123319395417763,0.0347388112663817
"UVM","HSPA1L","MKI67",-0.307665260196906,0.0056775217600115,0.0179950471782947
"UVM","HSPA4","MKI67",0.378996718237225,0.000575527190997685,0.00249051225821926
"UVM","HSPA5","MKI67",0.602601969057665,5.85030264977466e-09,8.38263635929933e-08
"UVM","HSPA7","MKI67",-0.295968120018753,0.00788832281006136,0.0237992646384319
"UVM","HSPA9","MKI67",0.345827473042663,0.00177641180977539,0.00663336708867671
"UVM","HSPB3","MKI67",0.397113019855049,0.000265142451971484,0.00126263376102154
"UVM","HSPH1","MKI67",0.309821847163619,0.00533622096640111,0.0170650371405691
"UVM","HYOU1","MKI67",0.276043131739334,0.0134291188496035,0.0373107248854781
"UVM","DNAJB2","MKI67",-0.340717299578059,0.00209242333700549,0.00764078339810329
"UVM","DNAJA1","MKI67",0.347632442569151,0.00167555920019136,0.00630522257501947
"UVM","DNAJA3","MKI67",0.31207219878106,0.0049996483457667,0.0161428610363409
"UVM","DNAJC13","MKI67",0.272972339428036,0.0145317324023433,0.0398662692189338
"UVM","DNAJC14","MKI67",0.456844819503047,2.52993997175885e-05,0.000158013063067713
"UVM","DNAJC17","MKI67",0.276629160806376,0.0132271796758305,0.0368375142565284
"UVM","DNAJC19","MKI67",-0.389967182372246,0.000386476241691657,0.00175822586462059
"UVM","DNAJC9","MKI67",0.291701828410689,0.00886630639182637,0.0262777413009497
"UVM","SACS","MKI67",0.274214721050164,0.0140765116098342,0.0388131942226134
